instrument_type,symbol,exchange,currency
ETF,IWM,AMEX,USD
ETF,DIA,AMEX,USD
ETF,SPY,AMEX,USD
ETF,QQQ,AMEX,USD
ETF,XLF,AMEX,USD
ETF,XLE,AMEX,USD
ETF,XLK,AMEX,USD
ETF,XLV,AMEX,USD
ETF,XLI,AMEX,USD
ETF,XLP,AMEX,USD
ETF,XLY,AMEX,USD
ETF,XLB,AMEX,USD
ETF,XLU,AMEX,USD
ETF,EWZ,AMEX,USD
ETF,EWJ,AMEX,USD
ETF,EWG,AMEX,USD
ETF,EWU,AMEX,USD
ETF,EWA,AMEX,USD
ETF,EWH,AMEX,USD
ETF,EWI,AMEX,USD
ETF,EWL,AMEX,USD
ETF,EWP,AMEX,USD
ETF,EWQ,AMEX,USD
ETF,EWS,AMEX,USD
ETF,EWW,AMEX,USD
ETF,EWT,AMEX,USD
ETF,EWY,AMEX,USD
ETF,EIDO,AMEX,USD
ETF,EIRL,AMEX,USD
ETF,EIS,AMEX,USD
ETF,ENZL,AMEX,USD
ETF,EPHE,AMEX,USD
ETF,EPI,AMEX,USD
ETF,EPP,AMEX,USD
ETF,EPOL,AMEX,USD
ETF,EPU,AMEX,USD
ETF,ERUS,AMEX,USD
ETF,EUSA,AMEX,USD
ETF,EWD,AMEX,USD
ETF,EWK,AMEX,USD
ETF,EWN,AMEX,USD
ETF,EWO,AMEX,USD
ETF,FXI,AMEX,USD
ETF,GXC,AMEX,USD
ETF,MCHI,AMEX,USD
ETF,ASHR,AMEX,USD
ETF,ASHS,AMEX,USD
ETF,CNYA,AMEX,USD
ETF,KWEB,AMEX,USD
ETF,PGJ,AMEX,USD
ETF,CHIQ,AMEX,USD
ETF,CHIX,AMEX,USD
ETF,CHIE,AMEX,USD
ETF,CHIM,AMEX,USD
ETF,TAO,AMEX,USD
ETF,XPP,AMEX,USD
ETF,PEK,AMEX,USD
ETF,GCH,AMEX,USD
ETF,KBA,AMEX,USD
ETF,KFYP,AMEX,USD
ETF,VOO,ARCA,USD
ETF,IVV,ARCA,USD
ETF,VTI,ARCA,USD
ETF,VV,ARCA,USD
ETF,VO,ARCA,USD
ETF,VB,ARCA,USD
ETF,VUG,ARCA,USD
ETF,VTV,ARCA,USD
ETF,MGK,ARCA,USD
ETF,MGV,ARCA,USD
ETF,VOOG,ARCA,USD
ETF,VOOV,ARCA,USD
ETF,SPYG,ARCA,USD
ETF,SPYV,ARCA,USD
ETF,VVUG,ARCA,USD
ETF,RSP,ARCA,USD
ETF,QQQM,ARCA,USD
ETF,ONEQ,ARCA,USD
ETF,TQQQ,ARCA,USD
ETF,SQQQ,ARCA,USD
ETF,QLD,ARCA,USD
ETF,QID,ARCA,USD
ETF,ARKK,ARCA,USD
ETF,ARKQ,ARCA,USD
ETF,ARKG,ARCA,USD
ETF,ARKW,ARCA,USD
ETF,ARKF,ARCA,USD
ETF,IJH,ARCA,USD
ETF,IJR,ARCA,USD
ETF,VBK,ARCA,USD
ETF,VOT,ARCA,USD
ETF,VTWO,ARCA,USD
ETF,VTWV,ARCA,USD
ETF,SCHX,ARCA,USD
ETF,SCHM,ARCA,USD
ETF,SCHA,ARCA,USD
ETF,XLRE,ARCA,USD
ETF,XRT,ARCA,USD
ETF,XHB,ARCA,USD
ETF,XBI,ARCA,USD
ETF,IBB,ARCA,USD
ETF,KRE,ARCA,USD
ETF,KBE,ARCA,USD
ETF,KCE,ARCA,USD
ETF,GDX,ARCA,USD
ETF,GDXJ,ARCA,USD
ETF,SIL,ARCA,USD
ETF,SLX,ARCA,USD
ETF,COPX,ARCA,USD
ETF,REMX,ARCA,USD
ETF,URA,ARCA,USD
ETF,LIT,ARCA,USD
ETF,ICLN,ARCA,USD
ETF,TAN,ARCA,USD
ETF,QCLN,ARCA,USD
ETF,PBW,ARCA,USD
ETF,FAN,ARCA,USD
ETF,PBD,ARCA,USD
ETF,WOOD,ARCA,USD
ETF,CUT,ARCA,USD
ETF,MOO,ARCA,USD
ETF,WEAT,ARCA,USD
ETF,CORN,ARCA,USD
ETF,SOYB,ARCA,USD
ETF,DBA,ARCA,USD
ETF,DBC,ARCA,USD
ETF,PDBC,ARCA,USD
ETF,GSG,ARCA,USD
ETF,USCI,ARCA,USD
ETF,DJP,ARCA,USD
ETF,TIP,ARCA,USD
ETF,VTIP,ARCA,USD
ETF,VNQ,ARCA,USD
ETF,IYR,ARCA,USD
ETF,SCHH,ARCA,USD
ETF,RWR,ARCA,USD
ETF,REZ,ARCA,USD
ETF,REM,ARCA,USD
ETF,MORT,ARCA,USD
ETF,AGG,ARCA,USD
ETF,BND,ARCA,USD
ETF,IUSB,ARCA,USD
ETF,BNDX,ARCA,USD
ETF,SCHZ,ARCA,USD
ETF,FBND,ARCA,USD
ETF,BIV,ARCA,USD
ETF,BLV,ARCA,USD
ETF,BSV,ARCA,USD
ETF,VGSH,ARCA,USD
ETF,VGIT,ARCA,USD
ETF,VGLT,ARCA,USD
ETF,SCHO,ARCA,USD
ETF,SCHR,ARCA,USD
ETF,SCHQ,ARCA,USD
ETF,GOVT,ARCA,USD
ETF,TFLO,ARCA,USD
ETF,SHV,ARCA,USD
ETF,BIL,ARCA,USD
ETF,SGOV,ARCA,USD
ETF,USFR,ARCA,USD
ETF,MINT,ARCA,USD
ETF,NEAR,ARCA,USD
ETF,JPST,ARCA,USD
ETF,SHYG,ARCA,USD
ETF,JNK,ARCA,USD
ETF,HYG,ARCA,USD
ETF,BKLN,ARCA,USD
ETF,SRLN,ARCA,USD
ETF,EMB,ARCA,USD
ETF,PCY,ARCA,USD
ETF,VWOB,ARCA,USD
ETF,IGOV,ARCA,USD
ETF,BWX,ARCA,USD
ETF,EMLC,ARCA,USD
ETF,LEMB,ARCA,USD
ETF,ELD,ARCA,USD
ETF,ISHG,ARCA,USD
ETF,IGIB,ARCA,USD
ETF,ANGL,ARCA,USD
ETF,HYLB,ARCA,USD
ETF,USHY,ARCA,USD
ETF,JCPB,ARCA,USD
ETF,LQDH,ARCA,USD
ETF,HYS,ARCA,USD
ETF,TLT,ARCA,USD
ETF,IEF,ARCA,USD
ETF,SHY,ARCA,USD
ETF,VCIT,ARCA,USD
ETF,VCLT,ARCA,USD
ETF,VCSH,ARCA,USD
ETF,VMBS,ARCA,USD
ETF,GNMA,ARCA,USD
ETF,MBB,ARCA,USD
ETF,TLH,ARCA,USD
ETF,TLO,ARCA,USD
ETF,IEI,ARCA,USD
ETF,VIG,ARCA,USD
ETF,NOBL,ARCA,USD
ETF,DIV,ARCA,USD
ETF,DVY,ARCA,USD
ETF,HDV,ARCA,USD
ETF,SPYD,ARCA,USD
ETF,SDY,ARCA,USD
ETF,VYM,ARCA,USD
ETF,SPHD,ARCA,USD
ETF,DGRO,ARCA,USD
ETF,DGRW,ARCA,USD
ETF,SCHD,ARCA,USD
ETF,QUAL,ARCA,USD
ETF,MTUM,ARCA,USD
ETF,VLUE,ARCA,USD
ETF,SIZE,ARCA,USD
ETF,USMV,ARCA,USD
ETF,ACWV,ARCA,USD
ETF,EFA,ARCA,USD
ETF,EEM,ARCA,USD
ETF,ACWI,ARCA,USD
ETF,ACWX,ARCA,USD
ETF,VT,ARCA,USD
ETF,VWO,ARCA,USD
ETF,IEFA,ARCA,USD
ETF,IEMG,ARCA,USD
ETF,IXUS,ARCA,USD
ETF,VEA,ARCA,USD
ETF,HEFA,ARCA,USD
ETF,EFAV,ARCA,USD
ETF,EFV,ARCA,USD
ETF,EFG,ARCA,USD
ETF,SCZ,ARCA,USD
ETF,EWC,ARCA,USD
ETF,GLD,ARCA,USD
ETF,SLV,ARCA,USD
ETF,USO,ARCA,USD
ETF,UNG,ARCA,USD
ETF,SGDJ,ARCA,USD
ETF,GOAU,ARCA,USD
ETF,SILJ,ARCA,USD
ETF,BATT,ARCA,USD
ETF,XME,ARCA,USD
ETF,XOP,ARCA,USD
ETF,OIH,ARCA,USD
ETF,KOL,ARCA,USD
ETF,CPER,ARCA,USD
ETF,UGA,ARCA,USD
ETF,IHI,ARCA,USD
ETF,IYH,ARCA,USD
ETF,IYF,ARCA,USD
ETF,IYW,ARCA,USD
ETF,IYM,ARCA,USD
ETF,IYK,ARCA,USD
ETF,IYC,ARCA,USD
ETF,IYE,ARCA,USD
ETF,IYY,ARCA,USD
ETF,IWD,ARCA,USD
ETF,IWF,ARCA,USD
ETF,IWN,ARCA,USD
ETF,IWO,ARCA,USD
ETF,IWS,ARCA,USD
ETF,IWP,ARCA,USD
ETF,IJT,ARCA,USD
ETF,IJJ,ARCA,USD
ETF,IJK,ARCA,USD
ETF,IJS,ARCA,USD
ETF,IVW,ARCA,USD
ETF,IVE,ARCA,USD
ETF,IVOG,ARCA,USD
ETF,IVOO,ARCA,USD
ETF,VBR,ARCA,USD
ETF,VOE,ARCA,USD
ETF,SPMD,ARCA,USD
ETF,SPLG,ARCA,USD
ETF,ITOT,ARCA,USD
ETF,SCHB,ARCA,USD
ETF,VONG,ARCA,USD
ETF,VONV,ARCA,USD
ETF,VOTE,ARCA,USD
ETF,VTHR,ARCA,USD
ETF,VTWG,ARCA,USD
ETF,VIOO,ARCA,USD
ETF,VIOG,ARCA,USD
ETF,VIOV,ARCA,USD
ETF,SPTM,ARCA,USD
ETF,SPSM,ARCA,USD
ETF,XLG,ARCA,USD
ETF,OEF,ARCA,USD
ETF,ESHY,ARCA,USD
ETF,IGSB,ARCA,USD
ETF,IGLB,ARCA,USD
ETF,HYGV,ARCA,USD
ETF,HYD,ARCA,USD
ETF,HYDW,ARCA,USD
ETF,TOTL,ARCA,USD
ETF,BNDW,ARCA,USD
ETF,IAGG,ARCA,USD
ETF,ILTB,ARCA,USD
ETF,ITE,ARCA,USD
ETF,ISTB,ARCA,USD
ETF,FALN,ARCA,USD
ETF,FPE,ARCA,USD
ETF,PFF,ARCA,USD
ETF,PGX,ARCA,USD
ETF,PGF,ARCA,USD
ETF,PSK,ARCA,USD
ETF,VVR,ARCA,USD
ETF,FLRN,ARCA,USD
ETF,GVI,ARCA,USD
ETF,GSY,ARCA,USD
ETF,BILS,ARCA,USD
ETF,VIGI,ARCA,USD
ETF,VYMI,ARCA,USD
ETF,SCHY,ARCA,USD
ETF,DIVB,ARCA,USD
ETF,FDL,ARCA,USD
ETF,PFFD,ARCA,USD
ETF,EWM,ARCA,USD
ETF,CGEM,ARCA,USD
ETF,CQQQ,ARCA,USD
ETF,CNXT,ARCA,USD
ETF,CXSE,ARCA,USD
ETF,CHAU,ARCA,USD
ETF,CHAD,ARCA,USD
ETF,YINN,ARCA,USD
ETF,YANG,ARCA,USD
ETF,EZA,ARCA,USD
ETF,UUP,ARCA,USD
ETF,UDN,ARCA,USD
ETF,FXE,ARCA,USD
ETF,FXY,ARCA,USD
ETF,FXB,ARCA,USD
ETF,FXA,ARCA,USD
ETF,FXC,ARCA,USD
ETF,CYB,ARCA,USD
ETF,CEW,ARCA,USD
ETF,BNO,ARCA,USD
ETF,BOIL,ARCA,USD
ETF,KOLD,ARCA,USD
ETF,UVXY,ARCA,USD
ETF,VXX,ARCA,USD
ETF,SVXY,ARCA,USD
ETF,TZA,ARCA,USD
ETF,TNA,ARCA,USD
ETF,UPRO,ARCA,USD
ETF,SPXU,ARCA,USD
ETF,SPXL,ARCA,USD
ETF,SH,ARCA,USD
ETF,SDS,ARCA,USD
ETF,SSO,ARCA,USD
ETF,UDOW,ARCA,USD
ETF,SDOW,ARCA,USD
ETF,TMF,ARCA,USD
ETF,TMV,ARCA,USD
ETF,TBT,ARCA,USD
ETF,UGL,ARCA,USD
ETF,GLL,ARCA,USD
ETF,SIVR,ARCA,USD
ETF,PPLT,ARCA,USD
ETF,PALL,ARCA,USD
ETF,JJP,ARCA,USD
ETF,BAL,ARCA,USD
ETF,JO,ARCA,USD
ETF,CANE,ARCA,USD
ETF,NIB,ARCA,USD
ETF,AAAP,ARCA,USD
ETF,AADR,ARCA,USD
ETF,AAEQ,ARCA,USD
ETF,AALG,ARCA,USD
ETF,AAPB,ARCA,USD
ETF,AAPD,ARCA,USD
ETF,AAPU,ARCA,USD
ETF,AAUB,ARCA,USD
ETF,AAUS,ARCA,USD
ETF,AAVM,ARCA,USD
ETF,AAXJ,ARCA,USD
ETF,ABCS,ARCA,USD
ETF,ABI,ARCA,USD
ETF,ABIG,ARCA,USD
ETF,ACEP,ARCA,USD
ETF,ADBG,ARCA,USD
ETF,AFOS,ARCA,USD
ETF,AFSC,ARCA,USD
ETF,AGEM,ARCA,USD
ETF,AGGA,ARCA,USD
ETF,AGIX,ARCA,USD
ETF,AGMI,ARCA,USD
ETF,AGNG,ARCA,USD
ETF,AGZD,ARCA,USD
ETF,AHD,ARCA,USD
ETF,AIA,ARCA,USD
ETF,AIFD,ARCA,USD
ETF,AIMS,ARCA,USD
ETF,AIPI,ARCA,USD
ETF,AIPO,ARCA,USD
ETF,AIQ,ARCA,USD
ETF,AIRR,ARCA,USD
ETF,AIX,ARCA,USD
ETF,ALBG,ARCA,USD
ETF,ALIL,ARCA,USD
ETF,ALLW,ARCA,USD
ETF,ALTY,ARCA,USD
ETF,AMA,ARCA,USD
ETF,AMDD,ARCA,USD
ETF,AMDG,ARCA,USD
ETF,AMDL,ARCA,USD
ETF,AMEI,ARCA,USD
ETF,AMEM,ARCA,USD
ETF,AMGR,ARCA,USD
ETF,AMID,ARCA,USD
ETF,AMUN,ARCA,USD
ETF,AMUU,ARCA,USD
ETF,AMYY,ARCA,USD
ETF,ANEW,ARCA,USD
ETF,APRH,ARCA,USD
ETF,APRT,ARCA,USD
ETF,APRW,ARCA,USD
ETF,APRY,ARCA,USD
ETF,APST,ARCA,USD
ETF,APTM,ARCA,USD
ETF,AQGX,ARCA,USD
ETF,AQWA,ARCA,USD
ETF,ARCA,ARCA,USD
ETF,ARGT,ARCA,USD
ETF,AROW,ARCA,USD
ETF,ARTW,ARCA,USD
ETF,ASML,ARCA,USD
ETF,ASPY,ARCA,USD
ETF,ATMP,ARCA,USD
ETF,AVAV,ARCA,USD
ETF,AVDE,ARCA,USD
ETF,AVEM,ARCA,USD
ETF,AVGE,ARCA,USD
ETF,AVIG,ARCA,USD
ETF,AVIV,ARCA,USD
ETF,AVLV,ARCA,USD
ETF,AVRE,ARCA,USD
ETF,AVSC,ARCA,USD
ETF,AVSU,ARCA,USD
ETF,AVUV,ARCA,USD
ETF,AWAY,ARCA,USD
ETF,AXJL,ARCA,USD
ETF,AXJV,ARCA,USD
ETF,AZTD,ARCA,USD
ETF,BAB,ARCA,USD
ETF,BABX,ARCA,USD
ETF,BALI,ARCA,USD
ETF,BALL,ARCA,USD
ETF,BALY,ARCA,USD
ETF,BALT,ARCA,USD
ETF,BAMR,ARCA,USD
ETF,BAPR,ARCA,USD
ETF,BAPY,ARCA,USD
ETF,BARK,ARCA,USD
ETF,BARL,ARCA,USD
ETF,BARX,ARCA,USD
ETF,BAUG,ARCA,USD
ETF,BBAX,ARCA,USD
ETF,BBCA,ARCA,USD
ETF,BBEU,ARCA,USD
ETF,BBIN,ARCA,USD
ETF,BBMC,ARCA,USD
ETF,BBSC,ARCA,USD
ETF,BBSB,ARCA,USD
ETF,BBRE,ARCA,USD
ETF,BBSA,ARCA,USD
ETF,BCSF,ARCA,USD
ETF,BCSB,ARCA,USD
ETF,BDRY,ARCA,USD
ETF,BLOK,ARCA,USD
ETF,BOAT,ARCA,USD
ETF,BOCT,ARCA,USD
ETF,BOUT,ARCA,USD
ETF,BOSS,ARCA,USD
ETF,BIDS,ARCA,USD
ETF,BIZD,ARCA,USD
ETF,BKF,ARCA,USD
ETF,BLES,ARCA,USD
ETF,BOND,ARCA,USD
ETF,BOS,ARCA,USD
ETF,BRF,ARCA,USD
ETF,BSAL,ARCA,USD
ETF,BSAR,ARCA,USD
ETF,BSAT,ARCA,USD
ETF,BSBE,ARCA,USD
ETF,BSCT,ARCA,USD
ETF,BSCU,ARCA,USD
ETF,BSJP,ARCA,USD
ETF,BSJS,ARCA,USD
ETF,BSJT,ARCA,USD
ETF,BSVO,ARCA,USD
ETF,BTAL,ARCA,USD
ETF,BTAH,ARCA,USD
ETF,BTEC,ARCA,USD
ETF,BTF,ARCA,USD
ETF,BUFQ,ARCA,USD
ETF,BUFF,ARCA,USD
ETF,BUFT,ARCA,USD
ETF,BUFG,ARCA,USD
ETF,BUFA,ARCA,USD
ETF,BUFD,ARCA,USD
ETF,BURG,ARCA,USD
ETF,BUSH,ARCA,USD
ETF,BUZZ,ARCA,USD
ETF,BYLD,ARCA,USD
ETF,CALF,ARCA,USD
ETF,CATH,ARCA,USD
ETF,CBON,ARCA,USD
ETF,CBRX,ARCA,USD
ETF,CCRV,ARCA,USD
ETF,CCOR,ARCA,USD
ETF,CEMB,ARCA,USD
ETF,CEFS,ARCA,USD
ETF,CETU,ARCA,USD
ETF,CGCP,ARCA,USD
ETF,CGGO,ARCA,USD
ETF,CGW,ARCA,USD
ETF,CGXU,ARCA,USD
ETF,CHAT,ARCA,USD
ETF,CHEP,ARCA,USD
ETF,CHGX,ARCA,USD
ETF,CIBR,ARCA,USD
ETF,CIZ,ARCA,USD
ETF,CLDL,ARCA,USD
ETF,CLIX,ARCA,USD
ETF,CNRG,ARCA,USD
ETF,COWZ,ARCA,USD
ETF,CRAK,ARCA,USD
ETF,CROC,ARCA,USD
ETF,CROP,ARCA,USD
ETF,CRPT,ARCA,USD
ETF,CRUZ,ARCA,USD
ETF,CSM,ARCA,USD
ETF,CSML,ARCA,USD
ETF,CWEB,ARCA,USD
ETF,CWS,ARCA,USD
ETF,DAX,ARCA,USD
ETF,DBAW,ARCA,USD
ETF,DBB,ARCA,USD
ETF,DBE,ARCA,USD
ETF,DBEF,ARCA,USD
ETF,DBEU,ARCA,USD
ETF,DBO,ARCA,USD
ETF,DBP,ARCA,USD
ETF,DCRE,ARCA,USD
ETF,DDLS,ARCA,USD
ETF,DES,ARCA,USD
ETF,DGRS,ARCA,USD
ETF,DGS,ARCA,USD
ETF,DGT,ARCA,USD
ETF,DHS,ARCA,USD
ETF,DIAL,ARCA,USD
ETF,DIM,ARCA,USD
ETF,DIVI,ARCA,USD
ETF,DJD,ARCA,USD
ETF,DLN,ARCA,USD
ETF,DLS,ARCA,USD
ETF,DMAT,ARCA,USD
ETF,DNL,ARCA,USD
ETF,DOG,ARCA,USD
ETF,DON,ARCA,USD
ETF,DPP,ARCA,USD
ETF,DRSK,ARCA,USD
ETF,DSI,ARCA,USD
ETF,DSUM,ARCA,USD
ETF,DTN,ARCA,USD
ETF,DTD,ARCA,USD
ETF,DTH,ARCA,USD
ETF,DTRE,ARCA,USD
ETF,DUDE,ARCA,USD
ETF,DURA,ARCA,USD
ETF,DUSA,ARCA,USD
ETF,DUSL,ARCA,USD
ETF,DVOL,ARCA,USD
ETF,DWAS,ARCA,USD
ETF,DWAT,ARCA,USD
ETF,DWAQ,ARCA,USD
ETF,DWLD,ARCA,USD
ETF,DWX,ARCA,USD
ETF,DXJ,ARCA,USD
ETF,DYNF,ARCA,USD
ETF,EBIZ,ARCA,USD
ETF,ECOZ,ARCA,USD
ETF,EELV,ARCA,USD
ETF,EES,ARCA,USD
ETF,EFAD,ARCA,USD
ETF,EFZ,ARCA,USD
ETF,EINC,ARCA,USD
ETF,EMCB,ARCA,USD
ETF,EMHY,ARCA,USD
ETF,EMLP,ARCA,USD
ETF,EMNT,ARCA,USD
ETF,EOS,ARCA,USD
ETF,EPRF,ARCA,USD
ETF,EPS,ARCA,USD
ETF,EPRO,ARCA,USD
ETF,EQAL,ARCA,USD
ETF,EQL,ARCA,USD
ETF,EQRR,ARCA,USD
ETF,EQS,ARCA,USD
ETF,EQWL,ARCA,USD
ETF,ESGV,ARCA,USD
ETF,ESGY,ARCA,USD
ETF,ESPO,ARCA,USD
ETF,ETHU,ARCA,USD
ETF,EUDG,ARCA,USD
ETF,EUFN,ARCA,USD
ETF,EUM,ARCA,USD
ETF,EUSC,ARCA,USD
ETF,EUAD,ARCA,USD
ETF,EWGS,ARCA,USD
ETF,EWJV,ARCA,USD
ETF,EWMC,ARCA,USD
ETF,EWSC,ARCA,USD
ETF,EXI,ARCA,USD
ETF,EYLD,ARCA,USD
ETF,FAB,ARCA,USD
ETF,FAD,ARCA,USD
ETF,FBT,ARCA,USD
ETF,FCAL,ARCA,USD
ETF,FCG,ARCA,USD
ETF,FCLD,ARCA,USD
ETF,FCOM,ARCA,USD
ETF,FDEM,ARCA,USD
ETF,FDG,ARCA,USD
ETF,FDIS,ARCA,USD
ETF,FDM,ARCA,USD
ETF,FDRR,ARCA,USD
ETF,FDT,ARCA,USD
ETF,FDVV,ARCA,USD
ETF,FEM,ARCA,USD
ETF,FENY,ARCA,USD
ETF,FEX,ARCA,USD
ETF,FFTY,ARCA,USD
ETF,FGD,ARCA,USD
ETF,FGM,ARCA,USD
ETF,FHB,ARCA,USD
ETF,FHK,ARCA,USD
ETF,FID,ARCA,USD
ETF,FINX,ARCA,USD
ETF,FIW,ARCA,USD
ETF,FJP,ARCA,USD
ETF,FKU,ARCA,USD
ETF,FLAU,ARCA,USD
ETF,FLAX,ARCA,USD
ETF,FLBR,ARCA,USD
ETF,FLCA,ARCA,USD
ETF,FLCH,ARCA,USD
ETF,FLCN,ARCA,USD
ETF,FLCO,ARCA,USD
ETF,FLEU,ARCA,USD
ETF,FLGB,ARCA,USD
ETF,FLHK,ARCA,USD
CFD,AAPL,SMART,USD
CFD,MSFT,SMART,USD
CFD,NVDA,SMART,USD
CFD,GOOGL,SMART,USD
CFD,GOOG,SMART,USD
CFD,AMZN,SMART,USD
CFD,META,SMART,USD
CFD,TSLA,SMART,USD
CFD,BRKB,SMART,USD
CFD,JPM,SMART,USD
CFD,JNJ,SMART,USD
CFD,V,SMART,USD
CFD,PG,SMART,USD
CFD,UNH,SMART,USD
CFD,HD,SMART,USD
CFD,BAC,SMART,USD
CFD,MA,SMART,USD
CFD,DIS,SMART,USD
CFD,PYPL,SMART,USD
CFD,ADBE,SMART,USD
CFD,CRM,SMART,USD
CFD,NFLX,SMART,USD
CFD,INTC,SMART,USD
CFD,CSCO,SMART,USD
CFD,PFE,SMART,USD
CFD,KO,SMART,USD
CFD,PEP,SMART,USD
CFD,WMT,SMART,USD
CFD,MRK,SMART,USD
CFD,ABT,SMART,USD
CFD,T,SMART,USD
CFD,VZ,SMART,USD
CFD,ORCL,SMART,USD
CFD,AVGO,SMART,USD
CFD,QCOM,SMART,USD
CFD,TXN,SMART,USD
CFD,COST,SMART,USD
CFD,NKE,SMART,USD
CFD,MCD,SMART,USD
CFD,LLY,SMART,USD
CFD,TMO,SMART,USD
CFD,DHR,SMART,USD
CFD,BMY,SMART,USD
CFD,ABBV,SMART,USD
CFD,CVX,SMART,USD
CFD,XOM,SMART,USD
CFD,NEE,SMART,USD
CFD,DUK,SMART,USD
CFD,SO,SMART,USD
CFD,D,SMART,USD
CFD,AEP,SMART,USD
CFD,EXC,SMART,USD
CFD,SRE,SMART,USD
CFD,PEG,SMART,USD
CFD,ED,SMART,USD
CFD,XEL,SMART,USD
CFD,WEC,SMART,USD
CFD,ES,SMART,USD
CFD,FE,SMART,USD
CFD,PPL,SMART,USD
CFD,AEE,SMART,USD
CFD,CMS,SMART,USD
CFD,ETR,SMART,USD
CFD,NI,SMART,USD
CFD,LNT,SMART,USD
CFD,A,SMART,USD
CFD,AWK,SMART,USD
CFD,CNP,SMART,USD
CFD,DTE,SMART,USD
CFD,EIX,SMART,USD
CFD,PCG,SMART,USD
CFD,AES,SMART,USD
CFD,NRG,SMART,USD
CFD,VST,SMART,USD
CFD,CEG,SMART,USD
CFD,GS,SMART,USD
CFD,MS,SMART,USD
CFD,C,SMART,USD
CFD,WFC,SMART,USD
CFD,USB,SMART,USD
CFD,PNC,SMART,USD
CFD,COF,SMART,USD
CFD,BK,SMART,USD
CFD,STT,SMART,USD
CFD,AXP,SMART,USD
CFD,BLK,SMART,USD
CFD,SCHW,SMART,USD
CFD,CB,SMART,USD
CFD,MMC,SMART,USD
CFD,AON,SMART,USD
CFD,AIG,SMART,USD
CFD,MET,SMART,USD
CFD,PRU,SMART,USD
CFD,ALL,SMART,USD
CFD,TRV,SMART,USD
CFD,PGR,SMART,USD
CFD,HIG,SMART,USD
CFD,AFL,SMART,USD
CFD,LNC,SMART,USD
CFD,PFG,SMART,USD
CFD,BEN,SMART,USD
CFD,IVZ,SMART,USD
CFD,TROW,SMART,USD
CFD,NTRS,SMART,USD
CFD,AMP,SMART,USD
CFD,BX,SMART,USD
CFD,KKR,SMART,USD
CFD,APO,SMART,USD
CFD,MSCI,SMART,USD
CFD,SPGI,SMART,USD
CFD,MCO,SMART,USD
CFD,ICE,SMART,USD
CFD,CME,SMART,USD
CFD,NDAQ,SMART,USD
CFD,CBOE,SMART,USD
CFD,INFO,SMART,USD
CFD,VRSK,SMART,USD
CFD,BR,SMART,USD
CFD,FDS,SMART,USD
CFD,ETFC,SMART,USD
CFD,SEIC,SMART,USD
CFD,AMGN,SMART,USD
CFD,GILD,SMART,USD
CFD,BIIB,SMART,USD
CFD,REGN,SMART,USD
CFD,VRTX,SMART,USD
CFD,ILMN,SMART,USD
CFD,MRNA,SMART,USD
CFD,BNTX,SMART,USD
CFD,ALNY,SMART,USD
CFD,SGEN,SMART,USD
CFD,BMRN,SMART,USD
CFD,INCY,SMART,USD
CFD,EXEL,SMART,USD
CFD,CELG,SMART,USD
CFD,ALXN,SMART,USD
CFD,SHPG,SMART,USD
CFD,MYL,SMART,USD
CFD,TEVA,SMART,USD
CFD,ENDP,SMART,USD
CFD,AZN,SMART,USD
CFD,NVO,SMART,USD
CFD,SNY,SMART,USD
CFD,GSK,SMART,USD
CFD,RHHBY,SMART,USD
CFD,NVS,SMART,USD
CFD,ROG,SMART,USD
CFD,BAYRY,SMART,USD
CFD,TGT,SMART,USD
CFD,LOW,SMART,USD
CFD,DG,SMART,USD
CFD,DLTR,SMART,USD
CFD,FIVE,SMART,USD
CFD,ROST,SMART,USD
CFD,TJX,SMART,USD
CFD,ULTA,SMART,USD
CFD,BBY,SMART,USD
CFD,AZO,SMART,USD
CFD,ORLY,SMART,USD
CFD,AAP,SMART,USD
CFD,KMX,SMART,USD
CFD,AN,SMART,USD
CFD,GPC,SMART,USD
CFD,TSCO,SMART,USD
CFD,WBA,SMART,USD
CFD,CVS,SMART,USD
CFD,CI,SMART,USD
CFD,ANTM,SMART,USD
CFD,HUM,SMART,USD
CFD,CNC,SMART,USD
CFD,MOH,SMART,USD
CFD,WCG,SMART,USD
CFD,UHS,SMART,USD
CFD,HCA,SMART,USD
CFD,DVA,SMART,USD
CFD,BAX,SMART,USD
CFD,BDX,SMART,USD
CFD,BSX,SMART,USD
CFD,MDT,SMART,USD
CFD,EW,SMART,USD
CFD,SYK,SMART,USD
CFD,ZBH,SMART,USD
CFD,HOLX,SMART,USD
CFD,ISRG,SMART,USD
CFD,DXCM,SMART,USD
CFD,IDXX,SMART,USD
CFD,ALGN,SMART,USD
CFD,HSIC,SMART,USD
CFD,ICUI,SMART,USD
CFD,BECT,SMART,USD
CFD,SBUX,SMART,USD
CFD,YUM,SMART,USD
CFD,CMG,SMART,USD
CFD,DPZ,SMART,USD
CFD,DRI,SMART,USD
CFD,EAT,SMART,USD
CFD,WING,SMART,USD
CFD,QSR,SMART,USD
CFD,MAR,SMART,USD
CFD,HLT,SMART,USD
CFD,WYNN,SMART,USD
CFD,LVS,SMART,USD
CFD,MGM,SMART,USD
CFD,CZR,SMART,USD
CFD,BYD,SMART,USD
CFD,PENN,SMART,USD
CFD,HTHT,SMART,USD
CFD,IHG,SMART,USD
CFD,WH,SMART,USD
CFD,CHH,SMART,USD
CFD,H,SMART,USD
CFD,EXPE,SMART,USD
CFD,BKNG,SMART,USD
CFD,TRIP,SMART,USD
CFD,ABNB,SMART,USD
CFD,CCL,SMART,USD
CFD,RCL,SMART,USD
CFD,NCLH,SMART,USD
CFD,UAL,SMART,USD
CFD,DAL,SMART,USD
CFD,AAL,SMART,USD
CFD,LUV,SMART,USD
CFD,JBLU,SMART,USD
CFD,ALK,SMART,USD
CFD,SAVE,SMART,USD
CFD,HA,SMART,USD
CFD,SKYW,SMART,USD
CFD,MESA,SMART,USD
CFD,FDX,SMART,USD
CFD,UPS,SMART,USD
CFD,XPO,SMART,USD
CFD,JBHT,SMART,USD
CFD,KNX,SMART,USD
CFD,SAIA,SMART,USD
CFD,ODFL,SMART,USD
CFD,CHRW,SMART,USD
CFD,EXPD,SMART,USD
CFD,LSTR,SMART,USD
CFD,WERN,SMART,USD
CFD,HUBG,SMART,USD
CFD,ZTO,SMART,USD
CFD,YMM,SMART,USD
CFD,GOT,SMART,USD
CFD,DHL,SMART,USD
CFD,CTTR,SMART,USD
CFD,CAT,SMART,USD
CFD,DE,SMART,USD
CFD,CNHI,SMART,USD
CFD,AGCO,SMART,USD
CFD,PCAR,SMART,USD
CFD,PACCAR,SMART,USD
CFD,CMI,SMART,USD
CFD,ETN,SMART,USD
CFD,PH,SMART,USD
CFD,ITW,SMART,USD
CFD,DOV,SMART,USD
CFD,IR,SMART,USD
CFD,SWK,SMART,USD
CFD,SNA,SMART,USD
CFD,LECO,SMART,USD
CFD,GWW,SMART,USD
CFD,FAST,SMART,USD
CFD,WSO,SMART,USD
CFD,MSM,SMART,USD
CFD,SITE,SMART,USD
CFD,BLDR,SMART,USD
CFD,MAS,SMART,USD
CFD,OC,SMART,USD
CFD,FBHS,SMART,USD
CFD,ALLE,SMART,USD
CFD,DHI,SMART,USD
CFD,LEN,SMART,USD
CFD,PHM,SMART,USD
CFD,KBH,SMART,USD
CFD,MTH,SMART,USD
CFD,TOL,SMART,USD
CFD,NVR,SMART,USD
CFD,BZH,SMART,USD
CFD,MDC,SMART,USD
CFD,CCS,SMART,USD
CFD,TMHC,SMART,USD
CFD,GRBK,SMART,USD
CFD,MHO,SMART,USD
CFD,SKY,SMART,USD
CFD,CVCO,SMART,USD
CFD,LPX,SMART,USD
CFD,EXP,SMART,USD
CFD,MLM,SMART,USD
CFD,VMC,SMART,USD
CFD,CX,SMART,USD
CFD,JHX,SMART,USD
CFD,USG,SMART,USD
CFD,AWI,SMART,USD
CFD,AA,SMART,USD
CFD,ATI,SMART,USD
CFD,CRS,SMART,USD
CFD,CMC,SMART,USD
CFD,NUE,SMART,USD
CFD,STLD,SMART,USD
CFD,RS,SMART,USD
CFD,ZEUS,SMART,USD
CFD,CLF,SMART,USD
CFD,X,SMART,USD
CFD,MT,SMART,USD
CFD,PKX,SMART,USD
CFD,GGB,SMART,USD
CFD,TX,SMART,USD
CFD,SID,SMART,USD
CFD,BHP,SMART,USD
CFD,RIO,SMART,USD
CFD,VALE,SMART,USD
CFD,SCCO,SMART,USD
CFD,FCX,SMART,USD
CFD,NEM,SMART,USD
CFD,AEM,SMART,USD
CFD,GOLD,SMART,USD
CFD,KGC,SMART,USD
CFD,WPM,SMART,USD
CFD,FNV,SMART,USD
CFD,RGLD,SMART,USD
CFD,PAAS,SMART,USD
CFD,AG,SMART,USD
CFD,HL,SMART,USD
CFD,CDE,SMART,USD
CFD,EXK,SMART,USD
CFD,SVM,SMART,USD
CFD,MAG,SMART,USD
CFD,COP,SMART,USD
CFD,EOG,SMART,USD
CFD,PXD,SMART,USD
CFD,FANG,SMART,USD
CFD,DVN,SMART,USD
CFD,APA,SMART,USD
CFD,MRO,SMART,USD
CFD,HES,SMART,USD
CFD,OXY,SMART,USD
CFD,MUR,SMART,USD
CFD,EQT,SMART,USD
CFD,CTRA,SMART,USD
CFD,AR,SMART,USD
CFD,RRC,SMART,USD
CFD,COG,SMART,USD
CFD,SWN,SMART,USD
CFD,GPOR,SMART,USD
CFD,MTDR,SMART,USD
CFD,OAS,SMART,USD
CFD,WLL,SMART,USD
CFD,SM,SMART,USD
CFD,CDEV,SMART,USD
CFD,LPI,SMART,USD
CFD,ESTE,SMART,USD
CFD,NOG,SMART,USD
CFD,MG,SMART,USD
CFD,PDCE,SMART,USD
CFD,CPE,SMART,USD
CFD,CRK,SMART,USD
CFD,REI,SMART,USD
CFD,BRY,SMART,USD
CFD,CRC,SMART,USD
CFD,CAL,SMART,USD
CFD,BAT,SMART,USD
CFD,CIV,SMART,USD
CFD,TELL,SMART,USD
CFD,LNG,SMART,USD
CFD,NEXT,SMART,USD
CFD,ET,SMART,USD
CFD,EPD,SMART,USD
CFD,KMI,SMART,USD
CFD,WMB,SMART,USD
CFD,OKE,SMART,USD
CFD,TRGP,SMART,USD
CFD,MPLX,SMART,USD
CFD,PAA,SMART,USD
CFD,BPL,SMART,USD
CFD,ENB,SMART,USD
CFD,TRP,SMART,USD
CFD,CNQ,SMART,USD
CFD,SU,SMART,USD
CFD,IMO,SMART,USD
CFD,CVE,SMART,USD
CFD,MEG,SMART,USD
CFD,ATH,SMART,USD
CFD,BTE,SMART,USD
CFD,CPG,SMART,USD
CFD,VET,SMART,USD
CFD,ERF,SMART,USD
CFD,PSK,SMART,USD
CFD,TSM,SMART,USD
CFD,ASML,SMART,USD
CFD,SAP,SMART,USD
CFD,TM,SMART,USD
CFD,SONY,SMART,USD
CFD,BABA,SMART,USD
CFD,JD,SMART,USD
CFD,PDD,SMART,USD
CFD,BIDU,SMART,USD
CFD,TCEHY,SMART,USD
CFD,NTES,SMART,USD
CFD,SE,SMART,USD
CFD,GRAB,SMART,USD
CFD,MELI,SMART,USD
CFD,SHOP,SMART,USD
CFD,SQ,SMART,USD
CFD,ADYEY,SMART,USD
CFD,AMD,SMART,USD
CFD,MU,SMART,USD
CFD,ADI,SMART,USD
CFD,MCHP,SMART,USD
CFD,MPWR,SMART,USD
CFD,ON,SMART,USD
CFD,SWKS,SMART,USD
CFD,QRVO,SMART,USD
CFD,CRUS,SMART,USD
CFD,SLAB,SMART,USD
CFD,DIOD,SMART,USD
CFD,RMBS,SMART,USD
CFD,LSCC,SMART,USD
CFD,MRVL,SMART,USD
CFD,WDC,SMART,USD
CFD,STX,SMART,USD
CFD,NTAP,SMART,USD
CFD,PSTG,SMART,USD
CFD,ANET,SMART,USD
CFD,JNPR,SMART,USD
CFD,CIEN,SMART,USD
CFD,FFIV,SMART,USD
CFD,AKAM,SMART,USD
CFD,NET,SMART,USD
CFD,DDOG,SMART,USD
CFD,MDB,SMART,USD
CFD,SNOW,SMART,USD
CFD,PLTR,SMART,USD
CFD,CRWD,SMART,USD
CFD,ZS,SMART,USD
CFD,OKTA,SMART,USD
CFD,S,SMART,USD
CFD,TEAM,SMART,USD
CFD,WDAY,SMART,USD
CFD,NOW,SMART,USD
CFD,ADSK,SMART,USD
CFD,INTU,SMART,USD
CFD,UBER,SMART,USD
CFD,LYFT,SMART,USD
CFD,DASH,SMART,USD
CFD,RBLX,SMART,USD
CFD,U,SMART,USD
CFD,TTD,SMART,USD
CFD,MGNI,SMART,USD
CFD,APPS,SMART,USD
CFD,SPOT,SMART,USD
CFD,FOXA,SMART,USD
CFD,NWSA,SMART,USD
CFD,CMCSA,SMART,USD
CFD,CHTR,SMART,USD
CFD,TMUS,SMART,USD
CFD,LUMN,SMART,USD
CFD,CTL,SMART,USD
CFD,FTR,SMART,USD
CFD,NIO,SMART,USD
CFD,XPEV,SMART,USD
CFD,LI,SMART,USD
CFD,BILI,SMART,USD
CFD,PLUG,SMART,USD
CFD,FCEL,SMART,USD
CFD,SPCE,SMART,USD
CFD,OPEN,SMART,USD
CFD,CLSK,SMART,USD
CFD,MARA,SMART,USD
CFD,RIOT,SMART,USD
CFD,COIN,SMART,USD
CFD,HOOD,SMART,USD
CFD,SOFI,SMART,USD
CFD,AFRM,SMART,USD
CFD,UPST,SMART,USD
CFD,LMND,SMART,USD
CFD,RKLB,SMART,USD
CFD,LCID,SMART,USD
CFD,RIVN,SMART,USD
CFD,NKLA,SMART,USD
CFD,GOEV,SMART,USD
CFD,FSR,SMART,USD
CFD,CHPT,SMART,USD
CFD,EVGO,SMART,USD
CFD,BLNK,SMART,USD
CFD,BE,SMART,USD
CFD,DOCU,SMART,USD
CFD,ZM,SMART,USD
CFD,PTON,SMART,USD
CFD,ROKU,SMART,USD
CFD,TWLO,SMART,USD
CFD,NU,SMART,USD
CFD,PAGS,SMART,USD
CFD,STNE,SMART,USD
CFD,TME,SMART,USD
CFD,VIPS,SMART,USD
CFD,DADA,SMART,USD
CFD,BGNE,SMART,USD
CFD,BEIG,SMART,USD
CFD,ZLAB,SMART,USD
CFD,HCM,SMART,USD
CFD,GOTU,SMART,USD
CFD,EDU,SMART,USD
CFD,TAL,SMART,USD
CFD,IQ,SMART,USD
CFD,HUYA,SMART,USD
CFD,DOYU,SMART,USD
CFD,ATAT,SMART,USD
CFD,GDS,SMART,USD
CFD,KC,SMART,USD
CFD,LIZI,SMART,USD
CFD,TIGR,SMART,USD
CFD,FUTU,SMART,USD
CFD,UP,SMART,USD
CFD,QFIN,SMART,USD
CFD,LX,SMART,USD
CFD,FINV,SMART,USD
CFD,BZ,SMART,USD
CFD,MNSO,SMART,USD
CFD,REPX,SMART,USD
CFD,DIY,SMART,USD
CFD,KIDS,SMART,USD
